lineId,date,transport,routeReal,route,driver,deliveryId,clientId,clientName,address,postalCode,city,material,product,quantity,unit,productType,weightKg,volumeM3,pallets,returnable,metricSource,priority,priorityScore,serviceMinutesClient,optimizedSequence,loadZone
827963194-ED15LN-1,2026-02-05,11443209,DR0040,DR0023,850013,827963194,9100733609,BAR FUTBOL LOURDES,CAMINO CAN VILA S/N,08100,MOLLET DEL VALLES,ED15LN,ESTRELLA DAMM 1/5 LN,2.0,CAJ,caja,28.68,0.012,0.02857,False,ZM040 directa,Media,3.0,16.7,15,8
827963194-CJ15-2,2026-02-05,11443209,DR0040,DR0023,850013,827963194,9100733609,BAR FUTBOL LOURDES,CAMINO CAN VILA S/N,08100,MOLLET DEL VALLES,CJ15,CAJA DAMM+BOT.1/5RET VACIO EN P.PLAS.A13,2.0,CAJ,retornable,0.0,0.0,0.0,True,sin ZM040,Media,3.0,16.7,15,8
827963194-ED30-3,2026-02-05,11443209,DR0040,DR0023,850013,827963194,9100733609,BAR FUTBOL LOURDES,CAMINO CAN VILA S/N,08100,MOLLET DEL VALLES,ED30,ESTRELLA DAMM BARRIL 30,4.0,BRL,barril,171.152,0.12,0.66667,False,ZM040 directa,Media,3.0,16.7,15,8
827963194-BRL30V-4,2026-02-05,11443209,DR0040,DR0023,850013,827963194,9100733609,BAR FUTBOL LOURDES,CAMINO CAN VILA S/N,08100,MOLLET DEL VALLES,BRL30V,BARRIL INOX 30L. EURONORMA,4.0,BRL,barril,0.0,0.0,0.0,False,sin ZM040,Media,3.0,16.7,15,8
827963194-VE12SP-5,2026-02-05,11443209,DR0040,DR0023,850013,827963194,9100733609,BAR FUTBOL LOURDES,CAMINO CAN VILA S/N,08100,MOLLET DEL VALLES,VE12SP,AGUA VERI 1/2 PET CAJA 24U. T.TH,2.0,CAJ,caja,25.8,0.024,0.03175,False,ZM040 directa,Media,3.0,16.7,15,8
827963194-0RF0020-6,2026-02-05,11443209,DR0040,DR0023,850013,827963194,9100733609,BAR FUTBOL LOURDES,CAMINO CAN VILA S/N,08100,MOLLET DEL VALLES,0RF0020,/-FANTA NARANJA LATA 33CL 24U,1.0,CAJ,lata,8.6,0.00792,0.00926,False,ZM040 directa,Media,3.0,16.7,15,8
827963194-0RF0022-7,2026-02-05,11443209,DR0040,DR0023,850013,827963194,9100733609,BAR FUTBOL LOURDES,CAMINO CAN VILA S/N,08100,MOLLET DEL VALLES,0RF0022,/-AQUARIUS LIMON 33CL LATA 24U,2.0,CAJ,lata,17.2,0.01584,0.01852,False,ZM040 directa,Media,3.0,16.7,15,8
827963194-0RF1697-8,2026-02-05,11443209,DR0040,DR0023,850013,827963194,9100733609,BAR FUTBOL LOURDES,CAMINO CAN VILA S/N,08100,MOLLET DEL VALLES,0RF1697,/-COCA COLA IMPORT LATA33 24U,3.0,CAJ,lata,25.8,0.02376,0.0303,False,ZM040 directa,Media,3.0,16.7,15,8
827963194-DL20-9,2026-02-05,11443209,DR0040,DR0023,850013,827963194,9100733609,BAR FUTBOL LOURDES,CAMINO CAN VILA S/N,08100,MOLLET DEL VALLES,DL20,DAMM LEMON BARRIL 20L.,1.0,BRL,barril,27.596,0.02,0.06667,False,ZM040 directa,Media,3.0,16.7,15,8
827963194-BRL20V-10,2026-02-05,11443209,DR0040,DR0023,850013,827963194,9100733609,BAR FUTBOL LOURDES,CAMINO CAN VILA S/N,08100,MOLLET DEL VALLES,BRL20V,BARRIL INOX 20L. TANQUETA A16,1.0,BRL,barril,0.0,0.0,0.0,False,sin ZM040,Media,3.0,16.7,15,8
827963194-UE902-11,2026-02-05,11443209,DR0040,DR0023,850013,827963194,9100733609,BAR FUTBOL LOURDES,CAMINO CAN VILA S/N,08100,MOLLET DEL VALLES,UE902,COPA GRANDE ED,12.0,UN,otros,3.096,0.02167,0.0125,False,ZM040 directa,Media,3.0,16.7,15,8
827963194-0RF1698-12,2026-02-05,11443209,DR0040,DR0023,850013,827963194,9100733609,BAR FUTBOL LOURDES,CAMINO CAN VILA S/N,08100,MOLLET DEL VALLES,0RF1698,/-COCA COLA ZERO IMPORT LATA33 24U,2.0,CAJ,lata,17.2,0.01584,0.0202,False,ZM040 directa,Media,3.0,16.7,15,8
827963195-ED13-13,2026-02-05,11443209,DR0040,DR0023,850013,827963195,9100700812,SUPER NABILA PARETS,Carrer de Conestable de Portugal 8,08150,PARETS DEL VALLES,ED13,ESTRELLA DAMM 1/3 RET. PP,8.0,CAJ,caja,136.0,0.06336,0.13333,False,ZM040 directa,Media,4.0,9.1,7,4
827963195-CJ13-14,2026-02-05,11443209,DR0040,DR0023,850013,827963195,9100700812,SUPER NABILA PARETS,Carrer de Conestable de Portugal 8,08150,PARETS DEL VALLES,CJ13,CAJA DAMM+BOT.1/3RET VACIO EN P.PLAS.A13,8.0,CAJ,retornable,0.0,0.0,0.0,True,sin ZM040,Media,4.0,9.1,7,4
827963195-ED15LN-15,2026-02-05,11443209,DR0040,DR0023,850013,827963195,9100700812,SUPER NABILA PARETS,Carrer de Conestable de Portugal 8,08150,PARETS DEL VALLES,ED15LN,ESTRELLA DAMM 1/5 LN,2.0,CAJ,caja,28.68,0.012,0.02857,False,ZM040 directa,Media,4.0,9.1,7,4
827963195-CJ15-16,2026-02-05,11443209,DR0040,DR0023,850013,827963195,9100700812,SUPER NABILA PARETS,Carrer de Conestable de Portugal 8,08150,PARETS DEL VALLES,CJ15,CAJA DAMM+BOT.1/5RET VACIO EN P.PLAS.A13,2.0,CAJ,retornable,0.0,0.0,0.0,True,sin ZM040,Media,4.0,9.1,7,4
827963196-ED13-17,2026-02-05,11443209,DR0040,DR0023,850013,827963196,9100692245,Bar 20 PA K,Avinguda de Catalunya 133,08150,PARETS DEL VALLES,ED13,ESTRELLA DAMM 1/3 RET. PP,20.0,CAJ,caja,340.0,0.1584,0.33333,False,ZM040 directa,Alta,5.5,16.2,1,1
827963196-CJ13-18,2026-02-05,11443209,DR0040,DR0023,850013,827963196,9100692245,Bar 20 PA K,Avinguda de Catalunya 133,08150,PARETS DEL VALLES,CJ13,CAJA DAMM+BOT.1/3RET VACIO EN P.PLAS.A13,20.0,CAJ,retornable,0.0,0.0,0.0,True,sin ZM040,Alta,5.5,16.2,1,1
827963196-0AG0007-19,2026-02-05,11443209,DR0040,DR0023,850013,827963196,9100692245,Bar 20 PA K,Avinguda de Catalunya 133,08150,PARETS DEL VALLES,0AG0007,"FONT D.OR NATURAL 1,5L PET 12U",10.0,CAJ,caja,190.0,0.18,0.25,False,ZM040 directa,Alta,5.5,16.2,1,1
827963196-0AG0004-20,2026-02-05,11443209,DR0040,DR0023,850013,827963196,9100692245,Bar 20 PA K,Avinguda de Catalunya 133,08150,PARETS DEL VALLES,0AG0004,FONT D.OR NATURAL 1/2 PET 24U,10.0,CAJ,caja,130.0,0.12,0.15873,False,ZM040 directa,Alta,5.5,16.2,1,1
827963196-0LT0235-21,2026-02-05,11443209,DR0040,DR0023,850013,827963196,9100692245,Bar 20 PA K,Avinguda de Catalunya 133,08150,PARETS DEL VALLES,0LT0235,LA LEVANTINA AVENA ESP.HOST 1L 6U,1.0,CAJ,caja,6.5,0.006,0.00833,False,ZM040 directa,Alta,5.5,16.2,1,1
827963196-0LI0204-22,2026-02-05,11443209,DR0040,DR0023,850013,827963196,9100692245,Bar 20 PA K,Avinguda de Catalunya 133,08150,PARETS DEL VALLES,0LI0204,J&B RARE WHISKY 1L,6.0,BOT,otros,0.0,0.006,0.005,False,ZM040 directa,Alta,5.5,16.2,1,1
827963196-0LI0692-23,2026-02-05,11443209,DR0040,DR0023,850013,827963196,9100692245,Bar 20 PA K,Avinguda de Catalunya 133,08150,PARETS DEL VALLES,0LI0692,JOHNNIE WALKER RED LAB WHISKY 1L,3.0,BOT,otros,4.44,0.003,0.00595,False,ZM040 directa,Alta,5.5,16.2,1,1
827963196-0AM1282-24,2026-02-05,11443209,DR0040,DR0023,850013,827963196,9100692245,Bar 20 PA K,Avinguda de Catalunya 133,08150,PARETS DEL VALLES,0AM1282,BARGALLO OLI GIRASOL 5L,3.0,UN,otros,15.0,0.0,0.02,False,ZM040 directa,Alta,5.5,16.2,1,1
827963196-0AM0292-25,2026-02-05,11443209,DR0040,DR0023,850013,827963196,9100692245,Bar 20 PA K,Avinguda de Catalunya 133,08150,PARETS DEL VALLES,0AM0292,"BISCUITS GALICIA MINI MAGD CHOCO 1,5KG",3.0,CAJ,caja,0.0,0.05114,0.03571,False,ZM040 directa,Alta,5.5,16.2,1,1
827963196-0LM1712-26,2026-02-05,11443209,DR0040,DR0023,850013,827963196,9100692245,Bar 20 PA K,Avinguda de Catalunya 133,08150,PARETS DEL VALLES,0LM1712,BALNIC LAVAVAJILLAS MANUAL PH NEUTRO 5KG,4.0,UN,otros,20.0,0.0,0.0,False,ZM040 directa,Alta,5.5,16.2,1,1
827963196-0LM0091-27,2026-02-05,11443209,DR0040,DR0023,850013,827963196,9100692245,Bar 20 PA K,Avinguda de Catalunya 133,08150,PARETS DEL VALLES,0LM0091,TOALLA SECAMANOS 2C 20/230U,1.0,CAJ,caja,5.0,1e-05,0.02222,False,ZM040 directa,Alta,5.5,16.2,1,1
827963196-0AG0004-28,2026-02-05,11443209,DR0040,DR0023,850013,827963196,9100692245,Bar 20 PA K,Avinguda de Catalunya 133,08150,PARETS DEL VALLES,0AG0004,FONT D.OR NATURAL 1/2 PET 24U,1.0,CAJ,caja,13.0,0.012,0.01587,False,ZM040 directa,Alta,5.5,16.2,1,1
827963196-0AG0007-29,2026-02-05,11443209,DR0040,DR0023,850013,827963196,9100692245,Bar 20 PA K,Avinguda de Catalunya 133,08150,PARETS DEL VALLES,0AG0007,"FONT D.OR NATURAL 1,5L PET 12U",1.0,CAJ,caja,19.0,0.018,0.025,False,ZM040 directa,Alta,5.5,16.2,1,1
827963197-ED13-30,2026-02-05,11443209,DR0040,DR0023,850013,827963197,9100669500,Bar Restaurant Tres Roses,Carrer de Mary Santpere 1,08150,PARETS DEL VALLES,ED13,ESTRELLA DAMM 1/3 RET. PP,6.0,CAJ,caja,102.0,0.04752,0.1,False,ZM040 directa,Media,4.0,10.4,5,3
827963197-CJ13-31,2026-02-05,11443209,DR0040,DR0023,850013,827963197,9100669500,Bar Restaurant Tres Roses,Carrer de Mary Santpere 1,08150,PARETS DEL VALLES,CJ13,CAJA DAMM+BOT.1/3RET VACIO EN P.PLAS.A13,6.0,CAJ,retornable,0.0,0.0,0.0,True,sin ZM040,Media,4.0,10.4,5,3
827963197-VE12SP-32,2026-02-05,11443209,DR0040,DR0023,850013,827963197,9100669500,Bar Restaurant Tres Roses,Carrer de Mary Santpere 1,08150,PARETS DEL VALLES,VE12SP,AGUA VERI 1/2 PET CAJA 24U. T.TH,2.0,CAJ,caja,25.8,0.024,0.03175,False,ZM040 directa,Media,4.0,10.4,5,3
827963197-0LT0235-33,2026-02-05,11443209,DR0040,DR0023,850013,827963197,9100669500,Bar Restaurant Tres Roses,Carrer de Mary Santpere 1,08150,PARETS DEL VALLES,0LT0235,LA LEVANTINA AVENA ESP.HOST 1L 6U,1.0,CAJ,caja,6.5,0.006,0.00833,False,ZM040 directa,Media,4.0,10.4,5,3
827963197-0LT0033-34,2026-02-05,11443209,DR0040,DR0023,850013,827963197,9100669500,Bar Restaurant Tres Roses,Carrer de Mary Santpere 1,08150,PARETS DEL VALLES,0LT0033,"LETONA GRAN CREME PET 1,5L PET 6U",4.0,CAJ,caja,36.0,0.036,0.05,False,ZM040 directa,Media,4.0,10.4,5,3
827963197-0AM0783-35,2026-02-05,11443209,DR0040,DR0023,850013,827963197,9100669500,Bar Restaurant Tres Roses,Carrer de Mary Santpere 1,08150,PARETS DEL VALLES,0AM0783,LOTUS BISCOFF 300U,2.0,CAJ,caja,4.36,0.01505,0.0119,False,ZM040 directa,Media,4.0,10.4,5,3
827963197-0AM0783-36,2026-02-05,11443209,DR0040,DR0023,850013,827963197,9100669500,Bar Restaurant Tres Roses,Carrer de Mary Santpere 1,08150,PARETS DEL VALLES,0AM0783,LOTUS BISCOFF 300U,1.0,ZPR,otros,0.0,0.0,0.00595,False,PAL prorrateado,Media,4.0,10.4,5,3
827963198-FDT13-37,2026-02-05,11443209,DR0040,DR0023,850013,827963198,9100661113,BAR LA ESQUINITA,Avinguda de Catalunya 102,08150,PARETS DEL VALLES,FDT13,FREE DAMM TOSTADA 1/3 RET. PP,1.0,CAJ,caja,17.0,0.00792,0.01667,False,ZM040 directa,Normal,2.0,7.7,2,2
827963198-CJ13-38,2026-02-05,11443209,DR0040,DR0023,850013,827963198,9100661113,BAR LA ESQUINITA,Avinguda de Catalunya 102,08150,PARETS DEL VALLES,CJ13,CAJA DAMM+BOT.1/3RET VACIO EN P.PLAS.A13,1.0,CAJ,retornable,0.0,0.0,0.0,True,sin ZM040,Normal,2.0,7.7,2,2
827963198-FDT13-39,2026-02-05,11443209,DR0040,DR0023,850013,827963198,9100661113,BAR LA ESQUINITA,Avinguda de Catalunya 102,08150,PARETS DEL VALLES,FDT13,FREE DAMM TOSTADA 1/3 RET. PP,1.0,CAJ,caja,17.0,0.00792,0.01667,False,ZM040 directa,Normal,2.0,7.7,2,2
827963198-CJ13-40,2026-02-05,11443209,DR0040,DR0023,850013,827963198,9100661113,BAR LA ESQUINITA,Avinguda de Catalunya 102,08150,PARETS DEL VALLES,CJ13,CAJA DAMM+BOT.1/3RET VACIO EN P.PLAS.A13,1.0,CAJ,retornable,0.0,0.0,0.0,True,sin ZM040,Normal,2.0,7.7,2,2
827963199-ED13-41,2026-02-05,11443209,DR0040,DR0023,850013,827963199,9100617475,VERMUTERIA Y TAPERIA CAMACHO,AVENIDA PEDRA DEL DIABLE 28,08150,PARETS DEL VALLES,ED13,ESTRELLA DAMM 1/3 RET. PP,9.0,CAJ,caja,153.0,0.07128,0.15,False,ZM040 directa,Media,4.0,25.6,8,5
827963199-CJ13-42,2026-02-05,11443209,DR0040,DR0023,850013,827963199,9100617475,VERMUTERIA Y TAPERIA CAMACHO,AVENIDA PEDRA DEL DIABLE 28,08150,PARETS DEL VALLES,CJ13,CAJA DAMM+BOT.1/3RET VACIO EN P.PLAS.A13,9.0,CAJ,retornable,0.0,0.0,0.0,True,sin ZM040,Media,4.0,25.6,8,5
827963199-ED15LN-43,2026-02-05,11443209,DR0040,DR0023,850013,827963199,9100617475,VERMUTERIA Y TAPERIA CAMACHO,AVENIDA PEDRA DEL DIABLE 28,08150,PARETS DEL VALLES,ED15LN,ESTRELLA DAMM 1/5 LN,1.0,CAJ,caja,14.34,0.006,0.01429,False,ZM040 directa,Media,4.0,25.6,8,5
827963199-CJ15-44,2026-02-05,11443209,DR0040,DR0023,850013,827963199,9100617475,VERMUTERIA Y TAPERIA CAMACHO,AVENIDA PEDRA DEL DIABLE 28,08150,PARETS DEL VALLES,CJ15,CAJA DAMM+BOT.1/5RET VACIO EN P.PLAS.A13,1.0,CAJ,retornable,0.0,0.0,0.0,True,sin ZM040,Media,4.0,25.6,8,5
827963199-FDL13-45,2026-02-05,11443209,DR0040,DR0023,850013,827963199,9100617475,VERMUTERIA Y TAPERIA CAMACHO,AVENIDA PEDRA DEL DIABLE 28,08150,PARETS DEL VALLES,FDL13,FREE DAMM LIMON 1/3 RET. PP,1.0,CAJ,caja,17.0,0.00792,0.01667,False,ZM040 directa,Media,4.0,25.6,8,5
827963199-CJ13-46,2026-02-05,11443209,DR0040,DR0023,850013,827963199,9100617475,VERMUTERIA Y TAPERIA CAMACHO,AVENIDA PEDRA DEL DIABLE 28,08150,PARETS DEL VALLES,CJ13,CAJA DAMM+BOT.1/3RET VACIO EN P.PLAS.A13,1.0,CAJ,retornable,0.0,0.0,0.0,True,sin ZM040,Media,4.0,25.6,8,5
827963199-FDT13-47,2026-02-05,11443209,DR0040,DR0023,850013,827963199,9100617475,VERMUTERIA Y TAPERIA CAMACHO,AVENIDA PEDRA DEL DIABLE 28,08150,PARETS DEL VALLES,FDT13,FREE DAMM TOSTADA 1/3 RET. PP,1.0,CAJ,caja,17.0,0.00792,0.01667,False,ZM040 directa,Media,4.0,25.6,8,5
827963199-CJ13-48,2026-02-05,11443209,DR0040,DR0023,850013,827963199,9100617475,VERMUTERIA Y TAPERIA CAMACHO,AVENIDA PEDRA DEL DIABLE 28,08150,PARETS DEL VALLES,CJ13,CAJA DAMM+BOT.1/3RET VACIO EN P.PLAS.A13,1.0,CAJ,retornable,0.0,0.0,0.0,True,sin ZM040,Media,4.0,25.6,8,5
827963199-DL20-49,2026-02-05,11443209,DR0040,DR0023,850013,827963199,9100617475,VERMUTERIA Y TAPERIA CAMACHO,AVENIDA PEDRA DEL DIABLE 28,08150,PARETS DEL VALLES,DL20,DAMM LEMON BARRIL 20L.,2.0,BRL,barril,55.192,0.04,0.13333,False,ZM040 directa,Media,4.0,25.6,8,5
827963199-BRL20V-50,2026-02-05,11443209,DR0040,DR0023,850013,827963199,9100617475,VERMUTERIA Y TAPERIA CAMACHO,AVENIDA PEDRA DEL DIABLE 28,08150,PARETS DEL VALLES,BRL20V,BARRIL INOX 20L. TANQUETA A16,2.0,BRL,barril,0.0,0.0,0.0,False,sin ZM040,Media,4.0,25.6,8,5
827963199-ED30-51,2026-02-05,11443209,DR0040,DR0023,850013,827963199,9100617475,VERMUTERIA Y TAPERIA CAMACHO,AVENIDA PEDRA DEL DIABLE 28,08150,PARETS DEL VALLES,ED30,ESTRELLA DAMM BARRIL 30,3.0,BRL,barril,128.364,0.09,0.5,False,ZM040 directa,Media,4.0,25.6,8,5
827963199-BRL30V-52,2026-02-05,11443209,DR0040,DR0023,850013,827963199,9100617475,VERMUTERIA Y TAPERIA CAMACHO,AVENIDA PEDRA DEL DIABLE 28,08150,PARETS DEL VALLES,BRL30V,BARRIL INOX 30L. EURONORMA,3.0,BRL,barril,0.0,0.0,0.0,False,sin ZM040,Media,4.0,25.6,8,5
827963199-TU20-53,2026-02-05,11443209,DR0040,DR0023,850013,827963199,9100617475,VERMUTERIA Y TAPERIA CAMACHO,AVENIDA PEDRA DEL DIABLE 28,08150,PARETS DEL VALLES,TU20,TURIA BARRIL 20L.,2.0,BRL,barril,54.784,0.04,0.13333,False,ZM040 directa,Media,4.0,25.6,8,5
827963199-BRL20V-54,2026-02-05,11443209,DR0040,DR0023,850013,827963199,9100617475,VERMUTERIA Y TAPERIA CAMACHO,AVENIDA PEDRA DEL DIABLE 28,08150,PARETS DEL VALLES,BRL20V,BARRIL INOX 20L. TANQUETA A16,2.0,BRL,barril,0.0,0.0,0.0,False,sin ZM040,Media,4.0,25.6,8,5
827963199-VE12-55,2026-02-05,11443209,DR0040,DR0023,850013,827963199,9100617475,VERMUTERIA Y TAPERIA CAMACHO,AVENIDA PEDRA DEL DIABLE 28,08150,PARETS DEL VALLES,VE12,AGUA VERI 1/2 VIDRIO RET.,6.0,CAJ,caja,122.436,0.06,0.12,False,ZM040 directa,Media,4.0,25.6,8,5
827963199-CJ12V-56,2026-02-05,11443209,DR0040,DR0023,850013,827963199,9100617475,VERMUTERIA Y TAPERIA CAMACHO,AVENIDA PEDRA DEL DIABLE 28,08150,PARETS DEL VALLES,CJ12V,CAJAS COMPLETAS 1/2 V,6.0,CAJ,caja,0.0,0.0,0.0,False,sin ZM040,Media,4.0,25.6,8,5
827963199-VE32SP-57,2026-02-05,11443209,DR0040,DR0023,850013,827963199,9100617475,VERMUTERIA Y TAPERIA CAMACHO,AVENIDA PEDRA DEL DIABLE 28,08150,PARETS DEL VALLES,VE32SP,"AGUA VERI 1,5L PET CAJA 12U.",2.0,CAJ,caja,39.12,0.036,0.04444,False,ZM040 directa,Media,4.0,25.6,8,5
827963199-0AG0183-58,2026-02-05,11443209,DR0040,DR0023,850013,827963199,9100617475,VERMUTERIA Y TAPERIA CAMACHO,AVENIDA PEDRA DEL DIABLE 28,08150,PARETS DEL VALLES,0AG0183,VICHY CATALAN GAS 30CL RET 24U,2.0,CAJ,caja,28.2,0.0144,0.04167,False,ZM040 directa,Media,4.0,25.6,8,5
827963199-3ENV0236-59,2026-02-05,11443209,DR0040,DR0023,850013,827963199,9100617475,VERMUTERIA Y TAPERIA CAMACHO,AVENIDA PEDRA DEL DIABLE 28,08150,PARETS DEL VALLES,3ENV0236,C.C. AGUA 1/3 VICHY-FONT D'OR,2.0,CAJ,caja,0.0,0.0,0.0,False,sin ZM040,Media,4.0,25.6,8,5
827963199-0LT0235-60,2026-02-05,11443209,DR0040,DR0023,850013,827963199,9100617475,VERMUTERIA Y TAPERIA CAMACHO,AVENIDA PEDRA DEL DIABLE 28,08150,PARETS DEL VALLES,0LT0235,LA LEVANTINA AVENA ESP.HOST 1L 6U,1.0,CAJ,caja,6.5,0.006,0.00833,False,ZM040 directa,Media,4.0,25.6,8,5
827963199-0LT0009-61,2026-02-05,11443209,DR0040,DR0023,850013,827963199,9100617475,VERMUTERIA Y TAPERIA CAMACHO,AVENIDA PEDRA DEL DIABLE 28,08150,PARETS DEL VALLES,0LT0009,LETONA GRAN CREME 1L VR 12U,4.0,CAJ,caja,91.0,0.048,0.125,False,ZM040 directa,Media,4.0,25.6,8,5
827963199-3ENV1281-62,2026-02-05,11443209,DR0040,DR0023,850013,827963199,9100617475,VERMUTERIA Y TAPERIA CAMACHO,AVENIDA PEDRA DEL DIABLE 28,08150,PARETS DEL VALLES,3ENV1281,C.C. LECHE LETONA (NUEVO),4.0,CAJ,caja,0.0,0.0,0.0,False,sin ZM040,Media,4.0,25.6,8,5
827963199-0RF0124-63,2026-02-05,11443209,DR0040,DR0023,850013,827963199,9100617475,VERMUTERIA Y TAPERIA CAMACHO,AVENIDA PEDRA DEL DIABLE 28,08150,PARETS DEL VALLES,0RF0124,/-COCA COLA 2L PET 6U,2.0,CAJ,caja,24.0,0.024,0.03125,False,ZM040 directa,Media,4.0,25.6,8,5
827963199-0RF0019-64,2026-02-05,11443209,DR0040,DR0023,850013,827963199,9100617475,VERMUTERIA Y TAPERIA CAMACHO,AVENIDA PEDRA DEL DIABLE 28,08150,PARETS DEL VALLES,0RF0019,/-COCA COLA LATA 33CL 24U,1.0,CAJ,lata,8.6,0.00792,0.00926,False,ZM040 directa,Media,4.0,25.6,8,5
827963199-NTL13B24-65,2026-02-05,11443209,DR0040,DR0023,850013,827963199,9100617475,VERMUTERIA Y TAPERIA CAMACHO,AVENIDA PEDRA DEL DIABLE 28,08150,PARETS DEL VALLES,NTL13B24,NESTEA LIMON 1/3 SR BANDEJA 24U. P.HT,1.0,CAJ,caja,13.861,0.00792,0.01587,False,ZM040 directa,Media,4.0,25.6,8,5
827963199-0ZU0031-66,2026-02-05,11443209,DR0040,DR0023,850013,827963199,9100617475,VERMUTERIA Y TAPERIA CAMACHO,AVENIDA PEDRA DEL DIABLE 28,08150,PARETS DEL VALLES,0ZU0031,JUVER NECTAR MELOCOTON 20CL 24U,1.0,CAJ,caja,9.0,0.0048,0.01136,False,ZM040 directa,Media,4.0,25.6,8,5
827963199-0ZU0032-67,2026-02-05,11443209,DR0040,DR0023,850013,827963199,9100617475,VERMUTERIA Y TAPERIA CAMACHO,AVENIDA PEDRA DEL DIABLE 28,08150,PARETS DEL VALLES,0ZU0032,JUVER NECTAR PIÑA 20CL 24U,1.0,CAJ,caja,9.0,0.0048,0.01136,False,ZM040 directa,Media,4.0,25.6,8,5
827963199-0LI0719-68,2026-02-05,11443209,DR0040,DR0023,850013,827963199,9100617475,VERMUTERIA Y TAPERIA CAMACHO,AVENIDA PEDRA DEL DIABLE 28,08150,PARETS DEL VALLES,0LI0719,LAGAR DO FRADE ORUJO DE HIERBAS PET 3L,1.0,BOT,otros,0.0,0.003,0.00417,False,ZM040 directa,Media,4.0,25.6,8,5
827963199-0LI0572-69,2026-02-05,11443209,DR0040,DR0023,850013,827963199,9100617475,VERMUTERIA Y TAPERIA CAMACHO,AVENIDA PEDRA DEL DIABLE 28,08150,PARETS DEL VALLES,0LI0572,FLOR DE CAÑA 5 AÑOS 70CL,2.0,BOT,otros,0.0,0.0,0.0,False,ZM040 sin peso/volumen,Media,4.0,25.6,8,5
827963199-0AM0783-70,2026-02-05,11443209,DR0040,DR0023,850013,827963199,9100617475,VERMUTERIA Y TAPERIA CAMACHO,AVENIDA PEDRA DEL DIABLE 28,08150,PARETS DEL VALLES,0AM0783,LOTUS BISCOFF 300U,1.0,CAJ,caja,2.18,0.00752,0.00595,False,ZM040 directa,Media,4.0,25.6,8,5
827963199-TB8-71,2026-02-05,11443209,DR0040,DR0023,850013,827963199,9100617475,VERMUTERIA Y TAPERIA CAMACHO,AVENIDA PEDRA DEL DIABLE 28,08150,PARETS DEL VALLES,TB8,BOTELLAS CARBONICO 8 KILOS,1.0,TB,caja,26.0,0.008,0.04,False,ZM040 directa,Media,4.0,25.6,8,5
827963199-TB8V-72,2026-02-05,11443209,DR0040,DR0023,850013,827963199,9100617475,VERMUTERIA Y TAPERIA CAMACHO,AVENIDA PEDRA DEL DIABLE 28,08150,PARETS DEL VALLES,TB8V,BOTELLAS CARBONICO 8 KG.VACIOS,1.0,TB,retornable,0.0,0.0,0.0,True,sin ZM040,Media,4.0,25.6,8,5
827963199-0AM0359-73,2026-02-05,11443209,DR0040,DR0023,850013,827963199,9100617475,VERMUTERIA Y TAPERIA CAMACHO,AVENIDA PEDRA DEL DIABLE 28,08150,PARETS DEL VALLES,0AM0359,REDONDO ACEITUNA PARTIDA 9 KG.,1.0,UN,otros,0.0,0.0,0.00694,False,PAL prorrateado,Media,4.0,25.6,8,5
827963199-0AM5394-74,2026-02-05,11443209,DR0040,DR0023,850013,827963199,9100617475,VERMUTERIA Y TAPERIA CAMACHO,AVENIDA PEDRA DEL DIABLE 28,08150,PARETS DEL VALLES,0AM5394,PROEZA ATUN A.GIRASOL BOLSA 1KG,16.0,UN,otros,0.0,0.0,0.01852,False,PAL prorrateado,Media,4.0,25.6,8,5
827963199-FDT13-75,2026-02-05,11443209,DR0040,DR0023,850013,827963199,9100617475,VERMUTERIA Y TAPERIA CAMACHO,AVENIDA PEDRA DEL DIABLE 28,08150,PARETS DEL VALLES,FDT13,FREE DAMM TOSTADA 1/3 RET. PP,1.0,CAJ,caja,17.0,0.00792,0.01667,False,ZM040 directa,Media,4.0,25.6,8,5
827963199-CJ13-76,2026-02-05,11443209,DR0040,DR0023,850013,827963199,9100617475,VERMUTERIA Y TAPERIA CAMACHO,AVENIDA PEDRA DEL DIABLE 28,08150,PARETS DEL VALLES,CJ13,CAJA DAMM+BOT.1/3RET VACIO EN P.PLAS.A13,1.0,CAJ,retornable,0.0,0.0,0.0,True,sin ZM040,Media,4.0,25.6,8,5
827963199-FDL13-77,2026-02-05,11443209,DR0040,DR0023,850013,827963199,9100617475,VERMUTERIA Y TAPERIA CAMACHO,AVENIDA PEDRA DEL DIABLE 28,08150,PARETS DEL VALLES,FDL13,FREE DAMM LIMON 1/3 RET. PP,1.0,CAJ,caja,17.0,0.00792,0.01667,False,ZM040 directa,Media,4.0,25.6,8,5
827963199-CJ13-78,2026-02-05,11443209,DR0040,DR0023,850013,827963199,9100617475,VERMUTERIA Y TAPERIA CAMACHO,AVENIDA PEDRA DEL DIABLE 28,08150,PARETS DEL VALLES,CJ13,CAJA DAMM+BOT.1/3RET VACIO EN P.PLAS.A13,1.0,CAJ,retornable,0.0,0.0,0.0,True,sin ZM040,Media,4.0,25.6,8,5
827963199-VE12SP-79,2026-02-05,11443209,DR0040,DR0023,850013,827963199,9100617475,VERMUTERIA Y TAPERIA CAMACHO,AVENIDA PEDRA DEL DIABLE 28,08150,PARETS DEL VALLES,VE12SP,AGUA VERI 1/2 PET CAJA 24U. T.TH,4.0,CAJ,caja,51.6,0.048,0.06349,False,ZM040 directa,Media,4.0,25.6,8,5
827963200-XI13-80,2026-02-05,11443209,DR0040,DR0023,850013,827963200,9100574514,COREFO (BAR),AVENIDA CATALUNYA 24,08150,PARETS DEL VALLÈS,XI13,XIBECA 5% 1/3 RET,2.0,CAJ,caja,34.0,0.01584,0.03333,False,ZM040 directa,Normal,2.0,8.1,11,6
827963200-CJ13-81,2026-02-05,11443209,DR0040,DR0023,850013,827963200,9100574514,COREFO (BAR),AVENIDA CATALUNYA 24,08150,PARETS DEL VALLÈS,CJ13,CAJA DAMM+BOT.1/3RET VACIO EN P.PLAS.A13,2.0,CAJ,retornable,0.0,0.0,0.0,True,sin ZM040,Normal,2.0,8.1,11,6
827963200-XI13-82,2026-02-05,11443209,DR0040,DR0023,850013,827963200,9100574514,COREFO (BAR),AVENIDA CATALUNYA 24,08150,PARETS DEL VALLÈS,XI13,XIBECA 5% 1/3 RET,2.0,CAJ,caja,34.0,0.01584,0.03333,False,ZM040 directa,Normal,2.0,8.1,11,6
827963200-CJ13-83,2026-02-05,11443209,DR0040,DR0023,850013,827963200,9100574514,COREFO (BAR),AVENIDA CATALUNYA 24,08150,PARETS DEL VALLÈS,CJ13,CAJA DAMM+BOT.1/3RET VACIO EN P.PLAS.A13,2.0,CAJ,retornable,0.0,0.0,0.0,True,sin ZM040,Normal,2.0,8.1,11,6
827963201-VE12SP-84,2026-02-05,11443209,DR0040,DR0023,850013,827963201,9100569006,PASTISSERIA JOAN,AVENIDA PEDRA DEL DIABLE 6,08150,PARETS DEL VALLES,VE12SP,AGUA VERI 1/2 PET CAJA 24U. T.TH,1.0,CAJ,caja,12.9,0.012,0.01587,False,ZM040 directa,Normal,1.0,8.3,10,6
827963201-VE32SP-85,2026-02-05,11443209,DR0040,DR0023,850013,827963201,9100569006,PASTISSERIA JOAN,AVENIDA PEDRA DEL DIABLE 6,08150,PARETS DEL VALLES,VE32SP,"AGUA VERI 1,5L PET CAJA 12U.",1.0,CAJ,caja,19.56,0.018,0.02222,False,ZM040 directa,Normal,1.0,8.3,10,6
827963201-0LT0032-86,2026-02-05,11443209,DR0040,DR0023,850013,827963201,9100569006,PASTISSERIA JOAN,AVENIDA PEDRA DEL DIABLE 6,08150,PARETS DEL VALLES,0LT0032,CACAOLAT VIDRIO 20CL RET 30U,1.0,CAJ,caja,7.8,0.006,0.02083,False,ZM040 directa,Normal,1.0,8.3,10,6
827963201-3ENV0029-87,2026-02-05,11443209,DR0040,DR0023,850013,827963201,9100569006,PASTISSERIA JOAN,AVENIDA PEDRA DEL DIABLE 6,08150,PARETS DEL VALLES,3ENV0029,C.C. CACAOLAT 30 U.,1.0,CAJ,caja,0.0,0.0,0.0,False,sin ZM040,Normal,1.0,8.3,10,6
827963201-0LT0235-88,2026-02-05,11443209,DR0040,DR0023,850013,827963201,9100569006,PASTISSERIA JOAN,AVENIDA PEDRA DEL DIABLE 6,08150,PARETS DEL VALLES,0LT0235,LA LEVANTINA AVENA ESP.HOST 1L 6U,1.0,CAJ,caja,6.5,0.006,0.00833,False,ZM040 directa,Normal,1.0,8.3,10,6
827963201-0LT0009-89,2026-02-05,11443209,DR0040,DR0023,850013,827963201,9100569006,PASTISSERIA JOAN,AVENIDA PEDRA DEL DIABLE 6,08150,PARETS DEL VALLES,0LT0009,LETONA GRAN CREME 1L VR 12U,2.0,CAJ,caja,45.5,0.024,0.0625,False,ZM040 directa,Normal,1.0,8.3,10,6
827963201-3ENV1281-90,2026-02-05,11443209,DR0040,DR0023,850013,827963201,9100569006,PASTISSERIA JOAN,AVENIDA PEDRA DEL DIABLE 6,08150,PARETS DEL VALLES,3ENV1281,C.C. LECHE LETONA (NUEVO),2.0,CAJ,caja,0.0,0.0,0.0,False,sin ZM040,Normal,1.0,8.3,10,6
827963201-0LT0090-91,2026-02-05,11443209,DR0040,DR0023,850013,827963201,9100569006,PASTISSERIA JOAN,AVENIDA PEDRA DEL DIABLE 6,08150,PARETS DEL VALLES,0LT0090,LETONA SEMI SIN LACTOSA 1L PET 6U,1.0,CAJ,caja,6.5,0.006,0.00952,False,ZM040 directa,Normal,1.0,8.3,10,6
827963201-0AM1634-92,2026-02-05,11443209,DR0040,DR0023,850013,827963201,9100569006,PASTISSERIA JOAN,AVENIDA PEDRA DEL DIABLE 6,08150,PARETS DEL VALLES,0AM1634,XPLICIT EDULCORANTE 1G 150U,2.0,CAJ,caja,0.3,0.015,0.00185,False,ZM040 directa,Normal,1.0,8.3,10,6
827963204-ED13-93,2026-02-05,11443209,DR0040,DR0023,850013,827963204,9100281245,BONATAPA,Avinguda de Catalunya 111,08150,PARETS DEL VALLES,ED13,ESTRELLA DAMM 1/3 RET. PP,2.0,CAJ,caja,34.0,0.01584,0.03333,False,ZM040 directa,Normal,2.0,13.0,13,7
827963204-CJ13-94,2026-02-05,11443209,DR0040,DR0023,850013,827963204,9100281245,BONATAPA,Avinguda de Catalunya 111,08150,PARETS DEL VALLES,CJ13,CAJA DAMM+BOT.1/3RET VACIO EN P.PLAS.A13,2.0,CAJ,retornable,0.0,0.0,0.0,True,sin ZM040,Normal,2.0,13.0,13,7
827963204-TU30-95,2026-02-05,11443209,DR0040,DR0023,850013,827963204,9100281245,BONATAPA,Avinguda de Catalunya 111,08150,PARETS DEL VALLES,TU30,TURIA BARRIL 30L.,1.0,BRL,barril,42.788,0.03,0.16667,False,ZM040 directa,Normal,2.0,13.0,13,7
827963204-BRL30V-96,2026-02-05,11443209,DR0040,DR0023,850013,827963204,9100281245,BONATAPA,Avinguda de Catalunya 111,08150,PARETS DEL VALLES,BRL30V,BARRIL INOX 30L. EURONORMA,1.0,BRL,barril,0.0,0.0,0.0,False,sin ZM040,Normal,2.0,13.0,13,7
827963204-0AG0019-97,2026-02-05,11443209,DR0040,DR0023,850013,827963204,9100281245,BONATAPA,Avinguda de Catalunya 111,08150,PARETS DEL VALLES,0AG0019,FONT D.OR MAXIMUM NATURAL 1/2 RET 20U,3.0,CAJ,caja,64.5,0.03,0.075,False,ZM040 directa,Normal,2.0,13.0,13,7
827963204-3ENV0058-98,2026-02-05,11443209,DR0040,DR0023,850013,827963204,9100281245,BONATAPA,Avinguda de Catalunya 111,08150,PARETS DEL VALLES,3ENV0058,C.C. 1/2 FONT D'OR MAXIMUM,3.0,CAJ,caja,0.0,0.0,0.0,False,sin ZM040,Normal,2.0,13.0,13,7
827963204-0LI0046-99,2026-02-05,11443209,DR0040,DR0023,850013,827963204,9100281245,BONATAPA,Avinguda de Catalunya 111,08150,PARETS DEL VALLES,0LI0046,VETERANO BRANDY 1L,1.0,BOT,otros,1.502,0.001,0.00185,False,ZM040 directa,Normal,2.0,13.0,13,7
827963204-0LI0102-100,2026-02-05,11443209,DR0040,DR0023,850013,827963204,9100281245,BONATAPA,Avinguda de Catalunya 111,08150,PARETS DEL VALLES,0LI0102,CUTTY SARK WHISKY 70CL,1.0,BOT,otros,0.0,0.0007,0.00139,False,ZM040 directa,Normal,2.0,13.0,13,7
827963204-0LI0138-101,2026-02-05,11443209,DR0040,DR0023,850013,827963204,9100281245,BONATAPA,Avinguda de Catalunya 111,08150,PARETS DEL VALLES,0LI0138,BAILEYS ORIGINAL 1L,1.0,BOT,otros,5.0,0.001,0.00083,False,ZM040 directa,Normal,2.0,13.0,13,7
827963204-0LI0247-102,2026-02-05,11443209,DR0040,DR0023,850013,827963204,9100281245,BONATAPA,Avinguda de Catalunya 111,08150,PARETS DEL VALLES,0LI0247,ANIS DEL MONO DULCE 70CL,1.0,BOT,otros,0.0,0.0007,0.00139,False,ZM040 directa,Normal,2.0,13.0,13,7
827963204-0AM3565-103,2026-02-05,11443209,DR0040,DR0023,850013,827963204,9100281245,BONATAPA,Avinguda de Catalunya 111,08150,PARETS DEL VALLES,0AM3565,BARGALLO ACEITE GOURMET SOL GIRASOL 20L,1.0,UN,otros,30.0,0.0,0.02222,False,ZM040 directa,Normal,2.0,13.0,13,7
827963204-0LI0084-104,2026-02-05,11443209,DR0040,DR0023,850013,827963204,9100281245,BONATAPA,Avinguda de Catalunya 111,08150,PARETS DEL VALLES,0LI0084,COINTREAU 70CL,1.0,BOT,otros,0.0,0.0007,0.00175,False,ZM040 directa,Normal,2.0,13.0,13,7
827963204-KE13-105,2026-02-05,11443209,DR0040,DR0023,850013,827963204,9100281245,BONATAPA,Avinguda de Catalunya 111,08150,PARETS DEL VALLES,KE13,KELER 18 1/3 RET. PP,2.0,CAJ,caja,34.0,0.01584,0.03333,False,ZM040 directa,Normal,2.0,13.0,13,7
827963204-CJ13-106,2026-02-05,11443209,DR0040,DR0023,850013,827963204,9100281245,BONATAPA,Avinguda de Catalunya 111,08150,PARETS DEL VALLES,CJ13,CAJA DAMM+BOT.1/3RET VACIO EN P.PLAS.A13,2.0,CAJ,retornable,0.0,0.0,0.0,True,sin ZM040,Normal,2.0,13.0,13,7
827963205-0VE0530-107,2026-02-05,11443209,DR0040,DR0023,850013,827963205,9100230870,THE JOSE'S BAR PARETS,LA SALUT 37 A,08150,PARETS DEL VALLES,0VE0530,RECAREDO TERRES BRUT NATURE 75CL 1U,3.0,UN,otros,0.0,0.00225,0.01,False,ZM040 directa,Normal,1.0,7.1,14,8
827963205-0AM0019-108,2026-02-05,11443209,DR0040,DR0023,850013,827963205,9100230870,THE JOSE'S BAR PARETS,LA SALUT 37 A,08150,PARETS DEL VALLES,0AM0019,CHOVI KETCHUP 10G 252U,1.0,CAJ,caja,3.3,7e-05,0.00781,False,ZM040 directa,Normal,1.0,7.1,14,8
827963206-ED13-109,2026-02-05,11443209,DR0040,DR0023,850013,827963206,9100227177,BAR FRANKFURT INSBRUCK,CALLE INDEPENDENCIA 51,08150,PARETS DEL VALLES,ED13,ESTRELLA DAMM 1/3 RET. PP,6.0,CAJ,caja,102.0,0.04752,0.1,False,ZM040 directa,Normal,2.0,11.4,9,5
827963206-CJ13-110,2026-02-05,11443209,DR0040,DR0023,850013,827963206,9100227177,BAR FRANKFURT INSBRUCK,CALLE INDEPENDENCIA 51,08150,PARETS DEL VALLES,CJ13,CAJA DAMM+BOT.1/3RET VACIO EN P.PLAS.A13,6.0,CAJ,retornable,0.0,0.0,0.0,True,sin ZM040,Normal,2.0,11.4,9,5
827963206-0VE0543-111,2026-02-05,11443209,DR0040,DR0023,850013,827963206,9100227177,BAR FRANKFURT INSBRUCK,CALLE INDEPENDENCIA 51,08150,PARETS DEL VALLES,0VE0543,IRREVERENTE TINTO ROBLE 75CL 6U,1.0,CAJ,caja,7.5,0.0045,0.00952,False,ZM040 directa,Normal,2.0,11.4,9,5
827963206-NTL13B24-112,2026-02-05,11443209,DR0040,DR0023,850013,827963206,9100227177,BAR FRANKFURT INSBRUCK,CALLE INDEPENDENCIA 51,08150,PARETS DEL VALLES,NTL13B24,NESTEA LIMON 1/3 SR BANDEJA 24U. P.HT,2.0,CAJ,caja,27.722,0.01584,0.03175,False,ZM040 directa,Normal,2.0,11.4,9,5
827963206-0AM5310-113,2026-02-05,11443209,DR0040,DR0023,850013,827963206,9100227177,BAR FRANKFURT INSBRUCK,CALLE INDEPENDENCIA 51,08150,PARETS DEL VALLES,0AM5310,BARGALLO RUGIN OLI FREGIR ALT OLEICO 20L,1.0,UN,otros,20.0,0.0,0.02222,False,ZM040 directa,Normal,2.0,11.4,9,5
827963206-VO13-114,2026-02-05,11443209,DR0040,DR0023,850013,827963206,9100227177,BAR FRANKFURT INSBRUCK,CALLE INDEPENDENCIA 51,08150,PARETS DEL VALLES,VO13,VOLL-DAMM 1/3 RET.,2.0,CAJ,caja,34.0,0.01584,0.03333,False,ZM040 directa,Normal,2.0,11.4,9,5
827963206-CJ13-115,2026-02-05,11443209,DR0040,DR0023,850013,827963206,9100227177,BAR FRANKFURT INSBRUCK,CALLE INDEPENDENCIA 51,08150,PARETS DEL VALLES,CJ13,CAJA DAMM+BOT.1/3RET VACIO EN P.PLAS.A13,2.0,CAJ,retornable,0.0,0.0,0.0,True,sin ZM040,Normal,2.0,11.4,9,5
827963206-ED13-116,2026-02-05,11443209,DR0040,DR0023,850013,827963206,9100227177,BAR FRANKFURT INSBRUCK,CALLE INDEPENDENCIA 51,08150,PARETS DEL VALLES,ED13,ESTRELLA DAMM 1/3 RET. PP,3.0,CAJ,caja,51.0,0.02376,0.05,False,ZM040 directa,Normal,2.0,11.4,9,5
827963206-CJ13-117,2026-02-05,11443209,DR0040,DR0023,850013,827963206,9100227177,BAR FRANKFURT INSBRUCK,CALLE INDEPENDENCIA 51,08150,PARETS DEL VALLES,CJ13,CAJA DAMM+BOT.1/3RET VACIO EN P.PLAS.A13,3.0,CAJ,retornable,0.0,0.0,0.0,True,sin ZM040,Normal,2.0,11.4,9,5
827963207-0LT0032-118,2026-02-05,11443209,DR0040,DR0023,850013,827963207,9100158102,LA NORIA BAKERY,CALLE BUTJOSA 58,08150,PARETS DEL VALLES,0LT0032,CACAOLAT VIDRIO 20CL RET 30U,1.0,CAJ,caja,7.8,0.006,0.02083,False,ZM040 directa,Normal,1.0,7.9,12,7
827963207-3ENV0029-119,2026-02-05,11443209,DR0040,DR0023,850013,827963207,9100158102,LA NORIA BAKERY,CALLE BUTJOSA 58,08150,PARETS DEL VALLES,3ENV0029,C.C. CACAOLAT 30 U.,1.0,CAJ,caja,0.0,0.0,0.0,False,sin ZM040,Normal,1.0,7.9,12,7
827963207-0LT0090-120,2026-02-05,11443209,DR0040,DR0023,850013,827963207,9100158102,LA NORIA BAKERY,CALLE BUTJOSA 58,08150,PARETS DEL VALLES,0LT0090,LETONA SEMI SIN LACTOSA 1L PET 6U,1.0,CAJ,caja,6.5,0.006,0.00952,False,ZM040 directa,Normal,1.0,7.9,12,7
827963207-0LT0033-121,2026-02-05,11443209,DR0040,DR0023,850013,827963207,9100158102,LA NORIA BAKERY,CALLE BUTJOSA 58,08150,PARETS DEL VALLES,0LT0033,"LETONA GRAN CREME PET 1,5L PET 6U",2.0,CAJ,caja,18.0,0.018,0.025,False,ZM040 directa,Normal,1.0,7.9,12,7
827963207-0LM0296-122,2026-02-05,11443209,DR0040,DR0023,850013,827963207,9100158102,LA NORIA BAKERY,CALLE BUTJOSA 58,08150,PARETS DEL VALLES,0LM0296,BALNIC DESENGRASANTE PROF 1L,2.0,UN,otros,0.0,0.002,0.00167,False,ZM040 directa,Normal,1.0,7.9,12,7
827963208-ED13-123,2026-02-05,11443209,DR0040,DR0023,850013,827963208,9100150711,LA PERGOLA,PAU CASALS 33,08150,PARETS DEL VALLES,ED13,ESTRELLA DAMM 1/3 RET. PP,8.0,CAJ,caja,136.0,0.06336,0.13333,False,ZM040 directa,Normal,2.5,13.9,6,4
827963208-CJ13-124,2026-02-05,11443209,DR0040,DR0023,850013,827963208,9100150711,LA PERGOLA,PAU CASALS 33,08150,PARETS DEL VALLES,CJ13,CAJA DAMM+BOT.1/3RET VACIO EN P.PLAS.A13,8.0,CAJ,retornable,0.0,0.0,0.0,True,sin ZM040,Normal,2.5,13.9,6,4
827963208-ED15LN-125,2026-02-05,11443209,DR0040,DR0023,850013,827963208,9100150711,LA PERGOLA,PAU CASALS 33,08150,PARETS DEL VALLES,ED15LN,ESTRELLA DAMM 1/5 LN,1.0,CAJ,caja,14.34,0.006,0.01429,False,ZM040 directa,Normal,2.5,13.9,6,4
827963208-CJ15-126,2026-02-05,11443209,DR0040,DR0023,850013,827963208,9100150711,LA PERGOLA,PAU CASALS 33,08150,PARETS DEL VALLES,CJ15,CAJA DAMM+BOT.1/5RET VACIO EN P.PLAS.A13,1.0,CAJ,retornable,0.0,0.0,0.0,True,sin ZM040,Normal,2.5,13.9,6,4
827963208-FD13-127,2026-02-05,11443209,DR0040,DR0023,850013,827963208,9100150711,LA PERGOLA,PAU CASALS 33,08150,PARETS DEL VALLES,FD13,FREE DAMM 1/3 RET.,1.0,CAJ,caja,17.0,0.00792,0.01667,False,ZM040 directa,Normal,2.5,13.9,6,4
827963208-CJ13-128,2026-02-05,11443209,DR0040,DR0023,850013,827963208,9100150711,LA PERGOLA,PAU CASALS 33,08150,PARETS DEL VALLES,CJ13,CAJA DAMM+BOT.1/3RET VACIO EN P.PLAS.A13,1.0,CAJ,retornable,0.0,0.0,0.0,True,sin ZM040,Normal,2.5,13.9,6,4
827963208-FDT13-129,2026-02-05,11443209,DR0040,DR0023,850013,827963208,9100150711,LA PERGOLA,PAU CASALS 33,08150,PARETS DEL VALLES,FDT13,FREE DAMM TOSTADA 1/3 RET. PP,1.0,CAJ,caja,17.0,0.00792,0.01667,False,ZM040 directa,Normal,2.5,13.9,6,4
827963208-CJ13-130,2026-02-05,11443209,DR0040,DR0023,850013,827963208,9100150711,LA PERGOLA,PAU CASALS 33,08150,PARETS DEL VALLES,CJ13,CAJA DAMM+BOT.1/3RET VACIO EN P.PLAS.A13,1.0,CAJ,retornable,0.0,0.0,0.0,True,sin ZM040,Normal,2.5,13.9,6,4
827963208-VO13-131,2026-02-05,11443209,DR0040,DR0023,850013,827963208,9100150711,LA PERGOLA,PAU CASALS 33,08150,PARETS DEL VALLES,VO13,VOLL-DAMM 1/3 RET.,1.0,CAJ,caja,17.0,0.00792,0.01667,False,ZM040 directa,Normal,2.5,13.9,6,4
827963208-CJ13-132,2026-02-05,11443209,DR0040,DR0023,850013,827963208,9100150711,LA PERGOLA,PAU CASALS 33,08150,PARETS DEL VALLES,CJ13,CAJA DAMM+BOT.1/3RET VACIO EN P.PLAS.A13,1.0,CAJ,retornable,0.0,0.0,0.0,True,sin ZM040,Normal,2.5,13.9,6,4
827963208-VE12SP-133,2026-02-05,11443209,DR0040,DR0023,850013,827963208,9100150711,LA PERGOLA,PAU CASALS 33,08150,PARETS DEL VALLES,VE12SP,AGUA VERI 1/2 PET CAJA 24U. T.TH,2.0,CAJ,caja,25.8,0.024,0.03175,False,ZM040 directa,Normal,2.5,13.9,6,4
827963208-0LT0033-134,2026-02-05,11443209,DR0040,DR0023,850013,827963208,9100150711,LA PERGOLA,PAU CASALS 33,08150,PARETS DEL VALLES,0LT0033,"LETONA GRAN CREME PET 1,5L PET 6U",3.0,CAJ,caja,27.0,0.027,0.0375,False,ZM040 directa,Normal,2.5,13.9,6,4
827963208-0VE0524-135,2026-02-05,11443209,DR0040,DR0023,850013,827963208,9100150711,LA PERGOLA,PAU CASALS 33,08150,PARETS DEL VALLES,0VE0524,SEÑORIO DE LIZIA VERDEJO RUEDA 75CL 6U,1.0,CAJ,caja,7.5,0.0045,0.008,False,ZM040 directa,Normal,2.5,13.9,6,4
827963208-0VE0506-136,2026-02-05,11443209,DR0040,DR0023,850013,827963208,9100150711,LA PERGOLA,PAU CASALS 33,08150,PARETS DEL VALLES,0VE0506,HALLAZGO JOVEN 75CL 6U,1.0,CAJ,caja,7.5,0.0045,0.00952,False,ZM040 directa,Normal,2.5,13.9,6,4
827963208-0CF0080-137,2026-02-05,11443209,DR0040,DR0023,850013,827963208,9100150711,LA PERGOLA,PAU CASALS 33,08150,PARETS DEL VALLES,0CF0080,XPLICIT NATURAL CREMOSO 1KG,4.0,UN,otros,4.0,0.004,0.0125,False,ZM040 directa,Normal,2.5,13.9,6,4
827963208-0RF0287-138,2026-02-05,11443209,DR0040,DR0023,850013,827963208,9100150711,LA PERGOLA,PAU CASALS 33,08150,PARETS DEL VALLES,0RF0287,/-COCA COLA VR237 24U,1.0,CAJ,caja,6.4,0.02526,0.02083,False,ZM040 directa,Normal,2.5,13.9,6,4
827963208-3ENV0021-139,2026-02-05,11443209,DR0040,DR0023,850013,827963208,9100150711,LA PERGOLA,PAU CASALS 33,08150,PARETS DEL VALLES,3ENV0021,CAJA+BOTELLA COLA VR237,1.0,CAJ,caja,0.0,0.0,0.0,False,sin ZM040,Normal,2.5,13.9,6,4
827963208-0LI0510-140,2026-02-05,11443209,DR0040,DR0023,850013,827963208,9100150711,LA PERGOLA,PAU CASALS 33,08150,PARETS DEL VALLES,0LI0510,PANIZO ORUJO HIERBAS 70CL,6.0,UN,otros,9.3,0.00419,0.00349,False,ZM040 directa,Normal,2.5,13.9,6,4
827963208-0AM1291-141,2026-02-05,11443209,DR0040,DR0023,850013,827963208,9100150711,LA PERGOLA,PAU CASALS 33,08150,PARETS DEL VALLES,0AM1291,AZUCAR BLANCO BOLSITA 7GR ''BARES''1000U,1.0,CAJ,caja,0.0,0.0,0.0,False,ZM040 sin peso/volumen,Normal,2.5,13.9,6,4
827963209-ED13-142,2026-02-05,11443209,DR0040,DR0023,850013,827963209,9100041543,BAR LOS GALLEGOS,Avinguda de Catalunya 92,08150,PARETS DEL VALLES,ED13,ESTRELLA DAMM 1/3 RET. PP,2.0,CAJ,caja,34.0,0.01584,0.03333,False,ZM040 directa,Normal,2.0,10.1,3,2
827963209-CJ13-143,2026-02-05,11443209,DR0040,DR0023,850013,827963209,9100041543,BAR LOS GALLEGOS,Avinguda de Catalunya 92,08150,PARETS DEL VALLES,CJ13,CAJA DAMM+BOT.1/3RET VACIO EN P.PLAS.A13,2.0,CAJ,retornable,0.0,0.0,0.0,True,sin ZM040,Normal,2.0,10.1,3,2
827963209-ED30-144,2026-02-05,11443209,DR0040,DR0023,850013,827963209,9100041543,BAR LOS GALLEGOS,Avinguda de Catalunya 92,08150,PARETS DEL VALLES,ED30,ESTRELLA DAMM BARRIL 30,1.0,BRL,barril,42.788,0.03,0.16667,False,ZM040 directa,Normal,2.0,10.1,3,2
827963209-BRL30V-145,2026-02-05,11443209,DR0040,DR0023,850013,827963209,9100041543,BAR LOS GALLEGOS,Avinguda de Catalunya 92,08150,PARETS DEL VALLES,BRL30V,BARRIL INOX 30L. EURONORMA,1.0,BRL,barril,0.0,0.0,0.0,False,sin ZM040,Normal,2.0,10.1,3,2
827963209-VE12SP-146,2026-02-05,11443209,DR0040,DR0023,850013,827963209,9100041543,BAR LOS GALLEGOS,Avinguda de Catalunya 92,08150,PARETS DEL VALLES,VE12SP,AGUA VERI 1/2 PET CAJA 24U. T.TH,2.0,CAJ,caja,25.8,0.024,0.03175,False,ZM040 directa,Normal,2.0,10.1,3,2
827963209-0LT0033-147,2026-02-05,11443209,DR0040,DR0023,850013,827963209,9100041543,BAR LOS GALLEGOS,Avinguda de Catalunya 92,08150,PARETS DEL VALLES,0LT0033,"LETONA GRAN CREME PET 1,5L PET 6U",4.0,CAJ,caja,36.0,0.036,0.05,False,ZM040 directa,Normal,2.0,10.1,3,2
827963210-XI13-148,2026-02-05,11443209,DR0040,DR0023,850013,827963210,9100041393,BAR LAS COLUMNAS,CATALUNYA 102,08150,PARETS DEL VALLES,XI13,XIBECA 5% 1/3 RET,1.0,CAJ,caja,17.0,0.00792,0.01667,False,ZM040 directa,Normal,2.0,8.8,4,3
827963210-CJ13-149,2026-02-05,11443209,DR0040,DR0023,850013,827963210,9100041393,BAR LAS COLUMNAS,CATALUNYA 102,08150,PARETS DEL VALLES,CJ13,CAJA DAMM+BOT.1/3RET VACIO EN P.PLAS.A13,1.0,CAJ,retornable,0.0,0.0,0.0,True,sin ZM040,Normal,2.0,8.8,4,3
827963210-0ZU0021-150,2026-02-05,11443209,DR0040,DR0023,850013,827963210,9100041393,BAR LAS COLUMNAS,CATALUNYA 102,08150,PARETS DEL VALLES,0ZU0021,GRANINI NARANJA 20CL 24U,1.0,CAJ,caja,8.4,0.0048,0.01111,False,ZM040 directa,Normal,2.0,8.8,4,3
827963210-0ZU0024-151,2026-02-05,11443209,DR0040,DR0023,850013,827963210,9100041393,BAR LAS COLUMNAS,CATALUNYA 102,08150,PARETS DEL VALLES,0ZU0024,GRANINI PIÑA 20CL 24U,1.0,CAJ,caja,8.4,0.0048,0.01111,False,ZM040 directa,Normal,2.0,8.8,4,3
827963210-XI13-152,2026-02-05,11443209,DR0040,DR0023,850013,827963210,9100041393,BAR LAS COLUMNAS,CATALUNYA 102,08150,PARETS DEL VALLES,XI13,XIBECA 5% 1/3 RET,1.0,CAJ,caja,17.0,0.00792,0.01667,False,ZM040 directa,Normal,2.0,8.8,4,3
827963210-CJ13-153,2026-02-05,11443209,DR0040,DR0023,850013,827963210,9100041393,BAR LAS COLUMNAS,CATALUNYA 102,08150,PARETS DEL VALLES,CJ13,CAJA DAMM+BOT.1/3RET VACIO EN P.PLAS.A13,1.0,CAJ,retornable,0.0,0.0,0.0,True,sin ZM040,Normal,2.0,8.8,4,3
827963210-0ZU0020-154,2026-02-05,11443209,DR0040,DR0023,850013,827963210,9100041393,BAR LAS COLUMNAS,CATALUNYA 102,08150,PARETS DEL VALLES,0ZU0020,GRANINI MELOCOTON 20CL 24U,1.0,CAJ,caja,8.4,0.0048,0.01111,False,ZM040 directa,Normal,2.0,8.8,4,3
827963210-0ZU0271-155,2026-02-05,11443209,DR0040,DR0023,850013,827963210,9100041393,BAR LAS COLUMNAS,CATALUNYA 102,08150,PARETS DEL VALLES,0ZU0271,GRANINI LIMONADA 20CL 24U,1.0,CAJ,caja,8.4,0.0048,0.01111,False,ZM040 directa,Normal,2.0,8.8,4,3
841033663-DL30-156,2026-02-05,11443209,DR0040,DR0023,850013,841033663,9100733609,BAR FUTBOL LOURDES,CAMINO CAN VILA S/N,08100,MOLLET DEL VALLES,DL30,DAMM LEMON BARRIL 30,1.0,BRL,barril,43.095,0.03,0.16667,False,ZM040 directa,Media,3.0,16.7,15,8
841033663-BRL30V-157,2026-02-05,11443209,DR0040,DR0023,850013,841033663,9100733609,BAR FUTBOL LOURDES,CAMINO CAN VILA S/N,08100,MOLLET DEL VALLES,BRL30V,BARRIL INOX 30L. EURONORMA,1.0,BRL,barril,0.0,0.0,0.0,False,sin ZM040,Media,3.0,16.7,15,8
